Mon May 04 2015 00:00:00 GMT+0800 (CST), 234,10,541,5
Tue May 05 2015 00:00:00 GMT+0800 (CST), 258,6,513,8
Wed May 06 2015 00:00:00 GMT+0800 (CST), 460,16,287,3
Thu May 07 2015 00:00:00 GMT+0800 (CST), 168,4,612,7
Fri May 08 2015 00:00:00 GMT+0800 (CST), 262,6,497,6
Mon May 11 2015 00:00:00 GMT+0800 (CST), 156,9,648,51
Tue May 12 2015 00:00:00 GMT+0800 (CST), 377,20,392,6
Wed May 13 2015 00:00:00 GMT+0800 (CST), 447,18,314,4
Thu May 14 2015 00:00:00 GMT+0800 (CST), 198,9,556,6
Fri May 15 2015 00:00:00 GMT+0800 (CST), 250,7,525,13
Mon May 18 2015 00:00:00 GMT+0800 (CST), 251,11,540,39
Thu May 21 2015 00:00:00 GMT+0800 (CST), 173,4,620,7
Tue May 19 2015 00:00:00 GMT+0800 (CST), 562,11,218,4
Fri May 22 2015 00:00:00 GMT+0800 (CST), 440,13,310,3
Wed May 20 2015 00:00:00 GMT+0800 (CST), 332,15,445,4
Mon May 25 2015 00:00:00 GMT+0800 (CST), 271,7,506,5
Tue May 26 2015 00:00:00 GMT+0800 (CST), 378,17,386,1
